Date,LandAverageTemperature,LandMaxTemperature,LandMinTemperature
1850-01-01,0.749,8.242,-3.206
1850-02-01,3.071,9.97,-2.291
1850-03-01,4.954,10.347,-1.905
1850-04-01,7.217,12.934,1.018
1850-05-01,10.004,15.655,3.811
1850-06-01,13.15,18.946,7.106
1850-07-01,14.492,19.233,8.014
1850-08-01,14.039,18.477,7.406
1850-09-01,11.505,15.846,4.533
1850-10-01,8.091,13.189,2.013
1850-11-01,4.733,11.388,-0.12
1850-12-01,2.803,7.493,-2.807
1851-01-01,2.431,8.951,-2.443
1851-02-01,2.508,9.808,-1.507
1851-03-01,4.192,11.507,-0.7
1851-04-01,7.287,14.236,2.331
1851-05-01,11.113,15.01,4.136
1851-06-01,13.418,17.288,6.374
1851-07-01,14.531,17.103,7.425
1851-08-01,13.751,17.361,6.595
1851-09-01,11.677,16.36,5.525
1851-10-01,9.122,14.961,3.298
1851-11-01,4.973,7.951,-1.345
1851-12-01,3.14,6.436,-3.242
1852-01-01,2.376,8.474,-2.755
1852-02-01,2.54,8.569,-2.337
1852-03-01,3.884,9.215,-2.491
1852-04-01,7.487,11.249,0.647
1852-05-01,11.169,15.835,4.624
1852-06-01,13.164,17.76,6.705
1852-07-01,14.512,17.795,7.57
1852-08-01,13.304,17.567,7.429
1852-09-01,11.478,16.665,5.742
1852-10-01,8.91,14.849,2.813
1852-11-01,4.593,12.009,0.736
1852-12-01,3.785,10.781,-0.639
1853-01-01,1.786,8.972,-2.818
1853-02-01,2.228,8.29,-3.213
1853-03-01,4.078,10.325,-1.966
1853-04-01,7.541,13.72,1.655
1853-05-01,10.975,16.543,4.364
1853-06-01,13.41,18.611,6.944
1853-07-01,14.645,18.923,6.933
1853-08-01,13.953,19.308,7.273
1853-09-01,11.71,17.691,5.779
1853-10-01,8.535,14.757,1.85
1853-11-01,4.783,11.269,-0.076
1853-12-01,2.858,8.23,-4.015
1854-01-01,1.281,8.786,-3.552
1854-02-01,1.941,8.508,-4.109
1854-03-01,4.698,10.469,-1.413
1854-04-01,7.622,13.402,0.566
1854-05-01,11.095,16.748,4.184
1854-06-01,12.829,18.188,6.493
1854-07-01,14.692,20.426,7.89
1854-08-01,13.889,19.291,7.303
1854-09-01,11.514,17.357,5.554
1854-10-01,9.763,15.341,3.033
1854-11-01,5.745,10.707,-1.406
1854-12-01,3.457,8.506,-3.397
1855-01-01,2.522,8.22,-3.125
1855-02-01,2.982,7.604,-4.947
1855-03-01,4.617,10.16,-1.865
1855-04-01,8.58,13.709,1.141
1855-05-01,11.186,16.77,4.286
1855-06-01,12.984,17.642,6.476
1855-07-01,13.926,18.467,7.691
1855-08-01,13.547,19.012,6.931
1855-09-01,11.141,17.078,5.499
1855-10-01,8.444,14.26,2.317
1855-11-01,5.186,11.117,-0.517
1855-12-01,2.214,7.879,-3.453
1856-01-01,2.76,7.298,-3.727
1856-02-01,2.226,8.294,-3.679
1856-03-01,4.372,10.327,-2.241
1856-04-01,7.751,14.387,1.242
1856-05-01,10.53,16.704,3.945
1856-06-01,13.496,18.326,6.879
1856-07-01,14.019,18.349,7.035
1856-08-01,13.021,18.386,6.767
1856-09-01,10.948,17.21,4.864
1856-10-01,8.087,14.128,1.979
1856-11-01,5.36,10.349,-1.433
1856-12-01,3.381,7.885,-3.33
1857-01-01,1.821,6.642,-5.407
1857-02-01,2.481,9.602,-1.92
1857-03-01,4.312,10.2,-1.071
1857-04-01,6.827,13.107,0.88
1857-05-01,9.885,15.6,3.639
1857-06-01,12.611,17.372,5.849
1857-07-01,13.953,18.717,7.438
1857-08-01,13.203,18.194,6.998
1857-09-01,11.056,17.223,5.146
1857-10-01,8.198,14.558,2.881
1857-11-01,5.236,10.527,-0.605
1857-12-01,3.515,9.509,-1.546
1858-01-01,2.739,9.044,-2.692
1858-02-01,2.284,7.829,-4.148
1858-03-01,4.834,10.44,-1.47
1858-04-01,8.25,13.912,1.041
1858-05-01,10.851,16.258,3.864
1858-06-01,12.956,18.968,7.038
1858-07-01,13.677,18.561,7.888
1858-08-01,13.22,18.261,7.264
1858-09-01,11.148,17.559,5.505
1858-10-01,8.81,15.071,3.688
1858-11-01,5.99,9.803,-0.684
1858-12-01,2.444,8.49,-1.965
1859-01-01,2.015,8.074,-2.7
1859-02-01,2.611,8.968,-1.858
1859-03-01,5.023,11.16,-0.458
1859-04-01,8.542,14.225,1.434
1859-05-01,11.456,17.021,5.277
1859-06-01,13.142,18.285,7.057
1859-07-01,13.827,19.444,7.85
1859-08-01,13.217,19.201,7.965
1859-09-01,11.08,16.483,5.423
1859-10-01,8.834,14.235,2.968
1859-11-01,5.912,10.973,-0.014
1859-12-01,3.365,8.255,-3.422
1860-01-01,2.077,9.772,-2.059
1860-02-01,2.632,8.747,-3.232
1860-03-01,3.494,11.821,-0.714
1860-04-01,7.76,13.511,1.805
1860-05-01,11.062,16.822,4.792
1860-06-01,13.272,19.163,7.213
1860-07-01,14.203,18.566,7.45
1860-08-01,13.765,18.984,7.069
1860-09-01,11.892,16.892,5.536
1860-10-01,8.712,13.677,2.906
1860-11-01,5.027,11.012,-0.111
1860-12-01,1.634,8.556,-2.525
1861-01-01,0.404,7.743,-3.256
1861-02-01,2.137,8.601,-3.055
1861-03-01,4.489,9.786,-2.007
1861-04-01,7.487,12.772,1.372
1861-05-01,10.516,15.401,3.858
1861-06-01,13.017,19.299,7.391
1861-07-01,13.967,19.37,7.803
1861-08-01,13.656,18.907,7.563
1861-09-01,11.409,17.769,5.988
1861-10-01,8.475,15.644,3.277
1861-11-01,5.707,12.044,0.41
1861-12-01,2.894,8.945,-2.191
1862-01-01,0.685,7.361,-4.11
1862-02-01,1.769,7.407,-4.346
1862-03-01,4.485,11.112,-1.314
1862-04-01,7.323,13.955,1.932
1862-05-01,10.739,17.854,5.675
1862-06-01,12.86,18.539,6.795
1862-07-01,13.928,20.663,9.21
1862-08-01,13.188,19.605,8.086
1862-09-01,11.028,18.042,6.123
1862-10-01,8.283,15.138,3.245
1862-11-01,4.792,11.889,0.244
1862-12-01,1.623,9.402,-1.747
1863-01-01,3.034,8.462,-1.766
1863-02-01,3.253,8.909,-2.11
1863-03-01,4.682,10.352,-0.853
1863-04-01,7.931,14.257,1.642
1863-05-01,11.081,16.999,5.917
1863-06-01,12.794,18.202,7.925
1863-07-01,13.765,18.095,8.307
1863-08-01,13.294,18.408,7.833
1863-09-01,11.23,15.91,5.439
1863-10-01,8.235,13.944,3.282
1863-11-01,5.392,11.351,0.175
1863-12-01,2.651,8.55,-2.586
1864-01-01,1.551,7.071,-3.848
1864-02-01,2.506,8.542,-2.856
1864-03-01,4.651,11.747,-0.725
1864-04-01,7.515,13.395,1.665
1864-05-01,10.956,16.908,4.849
1864-06-01,13.365,18.457,7.909
1864-07-01,14.162,18.831,7.413
1864-08-01,13.434,18.909,7.546
1864-09-01,11.37,17.063,5.721
1864-10-01,8.795,15.047,3.246
1864-11-01,5.232,12.502,0.665
1864-12-01,2.266,8.555,-2.663
1865-01-01,2.975,8.841,-3.212
1865-02-01,2.152,8.911,-3.117
1865-03-01,4.039,11.582,-0.592
1865-04-01,7.314,14.276,1.793
1865-05-01,10.917,16.968,4.874
1865-06-01,13.214,19.022,7.509
1865-07-01,14.22,19.108,8.163
1865-08-01,13.58,19.111,7.595
1865-09-01,11.797,17.841,5.789
1865-10-01,9.136,15.281,3.345
1865-11-01,6.144,12.418,0.992
1865-12-01,2.646,8.218,-2.517
1866-01-01,2.932,8.188,-2.923
1866-02-01,2.274,9.636,-2.053
1866-03-01,4.421,10.824,-0.881
1866-04-01,7.914,14.889,2.084
1866-05-01,10.898,16.817,4.582
1866-06-01,12.853,18.753,7.077
1866-07-01,14.602,20.369,8.183
1866-08-01,13.532,18.947,7.088
1866-09-01,11.527,17.508,5.807
1866-10-01,8.506,14.624,2.994
1866-11-01,5.895,10.76,0.182
1866-12-01,4.152,8.676,-2.953
1867-01-01,2.482,8.137,-3.308
1867-02-01,2.664,9.183,-2.172
1867-03-01,4.454,10.572,-1.195
1867-04-01,8.258,13.852,2.307
1867-05-01,10.495,16.21,4.665
1867-06-01,13.303,19.753,8.032
1867-07-01,14.223,20.032,8.387
1867-08-01,13.506,19.626,7.706
1867-09-01,11.763,17.566,5.911
1867-10-01,9.212,15.374,3.705
1867-11-01,6.939,11.143,-0.796
1867-12-01,3.937,8.313,-3.678
1868-01-01,1.834,7.611,-3.478
1868-02-01,2.039,8.817,-3.455
1868-03-01,4.538,11.411,-0.63
1868-04-01,8.183,13.316,1.138
1868-05-01,11.308,17.059,4.861
1868-06-01,13.162,19.005,7.203
1868-07-01,14.514,20.504,8.702
1868-08-01,13.744,19.818,8.121
1868-09-01,11.669,17.988,5.726
1868-10-01,9.448,14.925,3.086
1868-11-01,5.192,10.181,-0.35
1868-12-01,3.344,8.54,-2.488
1869-01-01,2.115,8.206,-3.173
1869-02-01,3.864,9.618,-2.406
1869-03-01,4.374,11.012,-1.312
1869-04-01,7.921,13.787,1.297
1869-05-01,11.295,17.279,4.382
1869-06-01,13.537,18.871,7.196
1869-07-01,14.337,19.825,7.732
1869-08-01,14.01,19.663,7.948
1869-09-01,12.247,17.561,5.377
1869-10-01,9.006,14.063,1.968
1869-11-01,5.773,10.418,-0.509
1869-12-01,2.706,8.531,-2.519
1870-01-01,2.082,8.527,-3.307
1870-02-01,2.134,8.544,-3.527
1870-03-01,4.656,9.692,-1.419
1870-04-01,7.879,14.287,1.57
1870-05-01,11.339,18.068,5.33
1870-06-01,13.653,19.531,7.793
1870-07-01,14.599,20.29,8.851
1870-08-01,13.484,19.318,7.974
1870-09-01,11.952,17.017,5.456
1870-10-01,8.81,14.188,2.848
1870-11-01,5.6,12.574,0.629
1870-12-01,2.228,8.485,-3.1
1871-01-01,1.447,7.962,-2.937
1871-02-01,1.736,8.782,-3.061
1871-03-01,4.685,11.047,-1.75
1871-04-01,8.34,13.97,1.89
1871-05-01,10.788,16.627,4.525
1871-06-01,13.08,19.127,7.47
1871-07-01,14.29,19.837,7.927
1871-08-01,13.932,19.812,7.898
1871-09-01,11.711,17.394,5.037
1871-10-01,9.096,14.697,2.891
1871-11-01,5.113,10.639,-0.317
1871-12-01,3.163,7.912,-3.677
1872-01-01,1.652,8.228,-3.228
1872-02-01,2.35,8.953,-3.26
1872-03-01,4.922,11.159,-2.156
1872-04-01,7.846,14.041,1.464
1872-05-01,11.198,17.369,5.046
1872-06-01,13.055,19.299,7.564
1872-07-01,14.285,19.705,7.884
1872-08-01,13.821,19.415,7.451
1872-09-01,11.958,17.718,5.938
1872-10-01,9.24,15.715,3.025
1872-11-01,5.372,11.293,-0.061
1872-12-01,2.627,8.526,-3.418
1873-01-01,2.013,8.285,-3.44
1873-02-01,3.195,8.591,-3.719
1873-03-01,4.704,11.105,-1.761
1873-04-01,7.462,13.983,1.069
1873-05-01,11.006,16.765,4.202
1873-06-01,13.405,19.006,6.783
1873-07-01,14.287,19.974,8.024
1873-08-01,13.755,19.241,7.447
1873-09-01,11.487,16.979,5.298
1873-10-01,9.234,14.431,2.386
1873-11-01,5.819,10.914,-0.812
1873-12-01,3.846,8.848,-2.628
1874-01-01,2.685,7.383,-3.764
1874-02-01,3.069,7.962,-3.23
1874-03-01,4.221,8.948,-1.942
1874-04-01,8.231,13.237,1.005
1874-05-01,11.306,16.969,4.667
1874-06-01,13.306,19.062,6.857
1874-07-01,14.122,19.82,7.488
1874-08-01,13.815,19.618,7.229
1874-09-01,12.111,17.704,5.632
1874-10-01,9.12,15.841,3.025
1874-11-01,5.809,10.563,-0.549
1874-12-01,3.407,9.495,-1.678
1875-01-01,1.533,6.679,-4.717
1875-02-01,2.259,7.522,-4.365
1875-03-01,4.256,10.673,-2.207
1875-04-01,7.636,13.759,1.174
1875-05-01,10.746,17.509,4.163
1875-06-01,13.157,19.603,6.497
1875-07-01,14.144,20.534,7.873
1875-08-01,13.401,20.053,7.327
1875-09-01,11.319,17.713,5.173
1875-10-01,8.585,14.754,2.205
1875-11-01,4.614,10.56,-1.351
1875-12-01,2.665,8.742,-2.402
1876-01-01,1.856,7.327,-3.325
1876-02-01,2.617,8.895,-3.095
1876-03-01,4.748,10.247,-1.711
1876-04-01,8.199,14.188,1.814
1876-05-01,10.69,16.783,4.728
1876-06-01,13.131,18.888,6.77
1876-07-01,14.319,19.855,7.891
1876-08-01,13.481,19.665,7.55
1876-09-01,11.687,17.667,5.687
1876-10-01,8.946,14.4,2.766
1876-11-01,5.093,10.498,-0.653
1876-12-01,2.194,8.805,-2.806
1877-01-01,2.286,8.079,-3.162
1877-02-01,2.928,9.755,-2.357
1877-03-01,5.297,10.782,-1.478
1877-04-01,8.039,13.827,2.032
1877-05-01,11.056,16.802,5.022
1877-06-01,13.384,19.257,6.875
1877-07-01,14.642,20.733,8.18
1877-08-01,14.151,20.643,7.786
1877-09-01,12.075,17.931,5.967
1877-10-01,9.273,14.324,2.704
1877-11-01,6.348,11.54,0.789
1877-12-01,2.996,9.491,-0.575
1878-01-01,2.017,8.278,-3.083
1878-02-01,3.728,9.483,-1.714
1878-03-01,6.608,12.343,0.361
1878-04-01,8.899,15.041,2.963
1878-05-01,11.017,16.946,5.09
1878-06-01,13.796,19.356,7.461
1878-07-01,14.742,20.299,8.582
1878-08-01,14.094,20.308,8.074
1878-09-01,12.093,17.827,6.1
1878-10-01,9.173,15.255,3.506
1878-11-01,6.446,12.502,0.686
1878-12-01,3.344,9.268,-2.246
1879-01-01,2.303,8.558,-3.311
1879-02-01,2.737,8.69,-3.081
1879-03-01,4.924,10.686,-1.389
1879-04-01,7.768,14.201,1.986
1879-05-01,10.803,16.752,4.536
1879-06-01,13.23,19.022,7.018
1879-07-01,14.238,19.637,7.64
1879-08-01,13.245,19.125,7.29
1879-09-01,11.449,17.652,5.542
1879-10-01,9.229,14.744,2.747
1879-11-01,5.526,11.549,-0.5
1879-12-01,2.538,8.173,-3.531
1880-01-01,1.755,7.883,-3.37
1880-02-01,2.052,7.957,-3.767
1880-03-01,4.63,10.655,-1.814
1880-04-01,7.559,14.082,1.298
1880-05-01,11.096,16.917,4.877
1880-06-01,13.327,19.29,6.597
1880-07-01,14.141,20.037,7.852
1880-08-01,13.807,19.502,7.555
1880-09-01,11.386,17.558,5.84
1880-10-01,8.673,14.567,2.896
1880-11-01,5.893,10.826,-0.654
1880-12-01,3.106,7.687,-2.657
1881-01-01,2.461,7.344,-3.687
1881-02-01,2.626,8.594,-2.813
1881-03-01,5.01,10.926,-1.131
1881-04-01,8.323,14.297,2.291
1881-05-01,11.165,17.283,5.263
1881-06-01,12.745,18.946,6.801
1881-07-01,14.203,20.295,8.334
1881-08-01,13.71,19.879,8.047
1881-09-01,11.689,17.43,5.876
1881-10-01,8.851,14.232,2.936
1881-11-01,5.272,10.781,-0.203
1881-12-01,3.196,8.598,-2.597
1882-01-01,2.99,8.392,-3.022
1882-02-01,3.231,8.754,-3.067
1882-03-01,5.04,10.794,-1.411
1882-04-01,7.691,13.713,1.752
1882-05-01,10.888,16.83,4.887
1882-06-01,12.805,18.941,7.032
1882-07-01,13.747,19.773,7.965
1882-08-01,13.703,19.832,7.836
1882-09-01,11.736,17.769,5.891
1882-10-01,8.445,14.596,2.784
1882-11-01,5.066,11.404,-0.581
1882-12-01,2.205,8.573,-2.795
1883-01-01,1.46,7.064,-4.519
1883-02-01,1.856,7.54,-4.303
1883-03-01,4.929,10.123,-2.094
1883-04-01,7.691,13.967,1.468
1883-05-01,10.832,16.898,4.793
1883-06-01,13.302,20.049,7.303
1883-07-01,14.011,20.457,7.719
1883-08-01,13.224,19.591,7.464
1883-09-01,11.343,17.663,5.299
1883-10-01,8.909,14.621,2.671
1883-11-01,4.905,10.987,-0.436
1883-12-01,3.261,8.587,-2.803
1884-01-01,2.12,7.567,-4.118
1884-02-01,2.474,8.292,-3.841
1884-03-01,3.892,10.552,-2.444
1884-04-01,7.186,13.58,0.699
1884-05-01,10.198,16.466,3.989
1884-06-01,12.527,18.787,6.362
1884-07-01,13.622,19.569,7.468
1884-08-01,13.257,19.318,7.251
1884-09-01,11.235,17.365,5.365
1884-10-01,8.581,14.304,2.587
1884-11-01,5.164,10.464,-0.991
1884-12-01,3.028,8.041,-2.554
1885-01-01,1.003,6.421,-4.621
1885-02-01,2.243,8.247,-3.438
1885-03-01,4.622,10.56,-2.023
1885-04-01,7.336,13.483,1.352
1885-05-01,10.567,16.704,4.202
1885-06-01,12.716,18.762,6.492
1885-07-01,13.972,20.205,7.628
1885-08-01,13.351,19.889,7.087
1885-09-01,11.435,17.317,5.28
1885-10-01,8.722,14.707,2.547
1885-11-01,5.425,11.488,-0.476
1885-12-01,3.644,9.156,-1.539
1886-01-01,1.436,7.023,-3.755
1886-02-01,1.793,8.015,-3.884
1886-03-01,4.262,10.568,-2.188
1886-04-01,7.909,14.085,1.367
1886-05-01,10.784,17.196,4.422
1886-06-01,12.789,19.145,6.56
1886-07-01,14.226,20.004,8.055
1886-08-01,13.323,19.344,7.449
1886-09-01,11.6,17.419,5.62
1886-10-01,8.604,14.735,2.58
1886-11-01,5.226,11.208,-0.71
1886-12-01,3.502,8.616,-1.862
1887-01-01,0.824,6.864,-4.678
1887-02-01,2.054,8.143,-4.047
1887-03-01,4.552,10.828,-1.901
1887-04-01,7.789,13.936,1.524
1887-05-01,10.84,17.337,4.569
1887-06-01,12.89,18.431,6.514
1887-07-01,14.021,19.899,8.199
1887-08-01,13.097,19.177,7.391
1887-09-01,11.707,17.392,5.701
1887-10-01,8.738,14.716,2.531
1887-11-01,5.592,11.66,-0.264
1887-12-01,2.875,8.298,-2.656
1888-01-01,1.708,6.686,-4.299
1888-02-01,2.039,7.898,-3.555
1888-03-01,4.3,10.491,-2.039
1888-04-01,7.845,13.884,1.66
1888-05-01,10.62,16.329,4.187
1888-06-01,12.921,18.897,6.476
1888-07-01,14.242,20.063,7.77
1888-08-01,13.511,19.36,7.288
1888-09-01,11.685,17.808,5.469
1888-10-01,9.201,14.783,2.951
1888-11-01,5.792,11.384,0.052
1888-12-01,3.222,9.327,-2.511
1889-01-01,1.762,7.377,-4.053
1889-02-01,3.409,8.814,-2.899
1889-03-01,5.299,11.628,-0.808
1889-04-01,8.589,14.392,2.502
1889-05-01,11.242,17.19,5.032
1889-06-01,13.288,19.314,7.196
1889-07-01,14.225,20.315,8.311
1889-08-01,13.504,19.732,7.615
1889-09-01,11.547,17.455,5.635
1889-10-01,8.865,14.902,2.608
1889-11-01,4.999,11.146,-0.567
1889-12-01,3.099,9.264,-2.395
1890-01-01,1.836,7.647,-4.24
1890-02-01,2.516,8.668,-3.764
1890-03-01,4.21,10.474,-2.171
1890-04-01,7.739,13.672,1.641
1890-05-01,10.464,16.865,3.943
1890-06-01,12.872,18.703,6.707
1890-07-01,14.034,19.718,7.857
1890-08-01,13.266,19.325,7.147
1890-09-01,11.546,17.266,5.494
1890-10-01,9.178,14.747,3.367
1890-11-01,5.03,11.451,-1.043
1890-12-01,2.969,8.611,-2.729
1891-01-01,1.678,7.589,-4.011
1891-02-01,1.88,8.122,-4.465
1891-03-01,4.755,10.629,-1.449
1891-04-01,7.618,13.979,1.182
1891-05-01,10.785,16.645,4.317
1891-06-01,12.888,18.588,6.635
1891-07-01,13.93,19.849,7.818
1891-08-01,13.496,19.472,7.29
1891-09-01,11.763,17.649,5.704
1891-10-01,8.722,15.042,2.764
1891-11-01,5.115,11.033,-0.781
1891-12-01,3.602,9.803,-2.138
1892-01-01,2.018,7.683,-3.93
1892-02-01,2.805,9.078,-3.253
1892-03-01,4.362,10.752,-1.931
1892-04-01,7.562,13.802,1.205
1892-05-01,10.622,16.578,4.426
1892-06-01,13.263,19.003,6.86
1892-07-01,13.89,19.82,7.917
1892-08-01,13.42,19.264,7.448
1892-09-01,11.764,17.858,5.552
1892-10-01,9.29,15.08,3.347
1892-11-01,4.859,10.432,-1.014
1892-12-01,2.935,8.297,-2.847
1893-01-01,0.5,5.9,-5.345
1893-02-01,1.654,7.616,-4.558
1893-03-01,4.979,11.066,-1.252
1893-04-01,7.994,13.697,1.582
1893-05-01,10.747,16.812,4.489
1893-06-01,13.051,18.981,6.781
1893-07-01,14.318,20.005,8.102
1893-08-01,13.454,19.448,7.322
1893-09-01,11.767,17.799,5.599
1893-10-01,9.16,15.185,3.099
1893-11-01,5.902,11.701,-0.143
1893-12-01,3.155,9.03,-2.79
1894-01-01,1.691,7.41,-4.039
1894-02-01,2.923,8.898,-3.028
1894-03-01,5.118,11.086,-1.093
1894-04-01,7.663,13.793,1.472
1894-05-01,10.944,16.929,4.611
1894-06-01,12.858,18.782,6.603
1894-07-01,14.004,19.851,7.788
1894-08-01,13.488,19.326,7.364
1894-09-01,11.58,17.425,5.503
1894-10-01,9.125,15.042,2.997
1894-11-01,5.405,11.187,-0.491
1894-12-01,3.133,8.757,-2.202
1895-01-01,1.295,6.961,-4.319
1895-02-01,2,8.18,-4.026
1895-03-01,4.689,10.838,-1.594
1895-04-01,8.247,14.509,1.915
1895-05-01,10.867,16.892,4.639
1895-06-01,13.058,19.059,6.905
1895-07-01,14.053,19.614,7.875
1895-08-01,13.489,19.471,7.167
1895-09-01,11.743,17.597,5.687
1895-10-01,9.117,15.159,2.878
1895-11-01,5.744,11.42,-0.011
1895-12-01,3.462,9.232,-2.206
1896-01-01,2.291,7.924,-3.408
1896-02-01,2.707,8.447,-3.367
1896-03-01,4.279,10.469,-1.868
1896-04-01,7.33,13.586,1.225
1896-05-01,10.893,17.01,4.626
1896-06-01,13.304,19.34,6.863
1896-07-01,14.233,19.886,8.087
1896-08-01,13.624,19.572,7.275
1896-09-01,11.824,17.727,5.561
1896-10-01,9.416,15.35,3.212
1896-11-01,5.366,11.173,-0.469
1896-12-01,3.312,8.811,-2.36
1897-01-01,1.893,7.412,-3.573
1897-02-01,2.429,8.148,-3.519
1897-03-01,4.345,10.442,-2.123
1897-04-01,8.278,14.293,1.74
1897-05-01,11.377,17.251,5.068
1897-06-01,13.319,19.445,7.226
1897-07-01,14.31,20.297,8.312
1897-08-01,13.668,19.753,7.592
1897-09-01,11.925,17.918,5.901
1897-10-01,9.197,15.166,3.279
1897-11-01,5.608,11.616,-0.197
1897-12-01,3.171,8.5,-2.177
1898-01-01,2.737,8.35,-2.885
1898-02-01,2.354,8.239,-3.651
1898-03-01,3.751,10.174,-2.657
1898-04-01,7.907,14.459,1.49
1898-05-01,10.835,17.056,4.498
1898-06-01,13.395,19.452,7.067
1898-07-01,14.138,20.145,8.039
1898-08-01,13.579,19.628,7.657
1898-09-01,11.753,17.702,5.902
1898-10-01,8.828,14.69,2.831
1898-11-01,5.452,11.444,-0.359
1898-12-01,3.407,9.443,-2.096
1899-01-01,2.515,8.443,-3.262
1899-02-01,2.38,8.17,-3.442
1899-03-01,4.618,10.635,-1.567
1899-04-01,8.281,14.438,2.074
1899-05-01,11.023,17.132,4.967
1899-06-01,12.856,18.799,6.872
1899-07-01,14.159,20.168,7.953
1899-08-01,13.777,19.598,7.646
1899-09-01,12.128,18.223,5.974
1899-10-01,9.409,15.317,3.551
1899-11-01,6.605,12.417,1.063
1899-12-01,3.005,8.639,-2.668
1900-01-01,1.461,7.193,-4.102
1900-02-01,3.098,9.181,-2.814
1900-03-01,5.492,11.377,-0.68
1900-04-01,8.223,13.972,2.131
1900-05-01,11.385,17.415,5.179
1900-06-01,13.293,19.434,7.112
1900-07-01,14.171,19.897,8.095
1900-08-01,13.816,19.85,7.892
1900-09-01,11.955,17.818,5.967
1900-10-01,9.666,15.544,3.833
1900-11-01,5.804,11.527,0.121
1900-12-01,3.655,9.466,-1.826
1901-01-01,2.191,7.996,-3.491
1901-02-01,3.092,9.038,-2.678
1901-03-01,5.671,11.476,-0.644
1901-04-01,8.522,14.733,2.264
1901-05-01,11.178,17.315,4.855
1901-06-01,13.423,19.315,7.151
1901-07-01,14.339,20.34,8.161
1901-08-01,13.789,19.898,7.66
1901-09-01,11.984,17.929,5.819
1901-10-01,9.003,15.002,2.998
1901-11-01,5.976,12.043,0.071
1901-12-01,3.335,9.061,-2.28
1902-01-01,2.684,8.797,-3.031
1902-02-01,3.606,9.814,-2.504
1902-03-01,4.883,11.166,-1.339
1902-04-01,7.956,13.884,1.562
1902-05-01,10.893,16.986,4.587
1902-06-01,13.214,19.338,6.894
1902-07-01,14.231,20.2,7.965
1902-08-01,13.599,19.884,7.449
1902-09-01,11.799,17.897,5.555
1902-10-01,8.801,14.811,2.759
1902-11-01,5.274,11.159,-0.46
1902-12-01,2.713,8.435,-2.992
1903-01-01,2.514,8.415,-3.187
1903-02-01,3.555,9.297,-2.49
1903-03-01,4.93,10.963,-1.158
1903-04-01,7.832,13.958,1.698
1903-05-01,10.794,16.672,4.587
1903-06-01,12.886,18.897,6.723
1903-07-01,13.992,19.787,7.87
1903-08-01,13.412,19.298,7.558
1903-09-01,11.501,17.356,5.642
1903-10-01,8.812,14.634,2.895
1903-11-01,5.516,11.219,-0.051
1903-12-01,2.898,8.533,-2.687
1904-01-01,1.637,7.082,-3.86
1904-02-01,2.297,8.507,-3.583
1904-03-01,4.506,10.559,-1.575
1904-04-01,7.684,13.823,1.428
1904-05-01,10.84,16.922,4.641
1904-06-01,13.014,19.092,6.778
1904-07-01,13.836,19.678,7.777
1904-08-01,13.459,19.525,7.462
1904-09-01,11.381,17.465,5.361
1904-10-01,8.833,14.902,3.133
1904-11-01,6.23,11.997,0.558
1904-12-01,3.374,9.212,-2.067
1905-01-01,2.254,8.017,-3.324
1905-02-01,1.927,7.735,-3.951
1905-03-01,4.635,10.466,-1.308
1905-04-01,7.755,13.622,1.493
1905-05-01,10.982,16.946,4.819
1905-06-01,13.112,19.11,6.944
1905-07-01,14.077,19.877,8.038
1905-08-01,13.578,19.619,7.72
1905-09-01,11.804,17.684,5.928
1905-10-01,9.041,14.866,3.117
1905-11-01,6.183,11.984,0.574
1905-12-01,3.354,9.06,-1.931
1906-01-01,2.068,8.086,-3.637
1906-02-01,2.301,8.125,-3.343
1906-03-01,4.866,11.008,-1.229
1906-04-01,8.626,14.786,2.422
1906-05-01,11.24,17.146,4.922
1906-06-01,13.334,19.287,7.275
1906-07-01,14.122,20.058,8.186
1906-08-01,13.691,19.539,7.843
1906-09-01,11.772,17.522,5.884
1906-10-01,9.267,14.943,3.479
1906-11-01,5.501,11.17,-0.301
1906-12-01,3.761,9.258,-1.664
1907-01-01,1.798,7.903,-3.867
1907-02-01,2.117,7.993,-3.603
1907-03-01,4.575,10.61,-1.6
1907-04-01,7.579,13.401,1.521
1907-05-01,10.375,16.335,4.084
1907-06-01,12.729,18.576,6.509
1907-07-01,13.769,19.626,7.761
1907-08-01,13.362,19.187,7.465
1907-09-01,11.665,17.443,5.59
1907-10-01,9.234,15.079,3.32
1907-11-01,5.207,10.71,-0.557
1907-12-01,2.956,8.831,-2.585
1908-01-01,2.304,8.118,-3.548
1908-02-01,2.769,8.527,-3.177
1908-03-01,4.136,10.384,-2.101
1908-04-01,7.832,13.853,1.735
1908-05-01,11.141,16.958,4.86
1908-06-01,13.293,19.063,6.902
1908-07-01,14.197,19.748,8.113
1908-08-01,13.376,19.359,7.499
1908-09-01,11.977,17.781,5.977
1908-10-01,8.865,14.675,2.948
1908-11-01,5.272,11.098,-0.576
1908-12-01,3.071,8.901,-2.535
1909-01-01,1.395,7.121,-4.298
1909-02-01,2.706,8.571,-3.447
1909-03-01,4.589,10.659,-1.677
1909-04-01,7.534,13.426,1.395
1909-05-01,10.611,16.668,4.38
1909-06-01,12.962,18.71,6.766
1909-07-01,14.06,19.787,8.05
1909-08-01,13.752,19.625,7.753
1909-09-01,11.879,17.891,5.778
1909-10-01,9.192,15.139,3.221
1909-11-01,6.236,11.959,0.323
1909-12-01,3.223,8.763,-2.353
1910-01-01,2.333,8.095,-3.27
1910-02-01,2.779,8.388,-3.226
1910-03-01,4.606,10.781,-1.675
1910-04-01,8.105,14.37,1.704
1910-05-01,11.005,17.03,4.675
1910-06-01,13.151,19.027,6.871
1910-07-01,14.279,19.952,8.205
1910-08-01,13.677,19.425,7.606
1910-09-01,11.733,17.623,5.669
1910-10-01,9.006,14.905,2.986
1910-11-01,5.318,11.072,-0.654
1910-12-01,2.684,8.5,-2.999
1911-01-01,1.66,7.133,-3.969
1911-02-01,2.453,8.15,-3.664
1911-03-01,4.347,10.362,-1.743
1911-04-01,7.99,14.081,1.856
1911-05-01,10.829,16.71,4.632
1911-06-01,13.009,19.091,6.778
1911-07-01,14.082,19.987,8.053
1911-08-01,13.499,19.396,7.607
1911-09-01,11.638,17.491,5.723
1911-10-01,9.263,14.99,3.401
1911-11-01,5.964,11.652,0.309
1911-12-01,3.39,8.811,-1.981
1912-01-01,2.402,7.911,-3.305
1912-02-01,3.354,9.379,-2.718
1912-03-01,4.356,10.725,-1.981
1912-04-01,8.229,14.069,2.091
1912-05-01,11.254,17.389,4.992
1912-06-01,13.435,19.351,7.166
1912-07-01,13.723,19.729,7.916
1912-08-01,13.053,19.027,7.277
1912-09-01,11.222,17.435,5.227
1912-10-01,8.367,14.133,2.497
1912-11-01,5.521,11.185,-0.291
1912-12-01,3.069,8.307,-2.459
1913-01-01,2.083,7.655,-3.657
1913-02-01,2.376,8.233,-3.485
1913-03-01,4.517,10.4,-1.597
1913-04-01,8.023,14.219,1.91
1913-05-01,10.745,16.815,4.652
1913-06-01,13.005,19.075,6.667
1913-07-01,14.137,20.256,7.967
1913-08-01,13.724,19.805,7.735
1913-09-01,11.759,17.833,5.629
1913-10-01,9.077,14.904,3.091
1913-11-01,6.024,11.67,0.347
1913-12-01,4.103,9.556,-1.43
1914-01-01,3.376,8.822,-2.334
1914-02-01,3.2,8.502,-2.551
1914-03-01,4.942,11.039,-1.31
1914-04-01,8.098,14.051,1.888
1914-05-01,11.285,17.199,5.233
1914-06-01,13.496,19.335,7.219
1914-07-01,14.298,20.065,8.182
1914-08-01,13.73,19.692,7.87
1914-09-01,11.915,17.747,5.866
1914-10-01,9.387,15.271,3.567
1914-11-01,5.759,11.287,0.239
1914-12-01,3.6,8.764,-1.624
1915-01-01,2.299,7.901,-3.416
1915-02-01,3.265,8.931,-2.52
1915-03-01,5.143,11.024,-1.115
1915-04-01,8.705,14.607,2.755
1915-05-01,11.493,17.141,5.371
1915-06-01,13.3,19.189,7.154
1915-07-01,14.443,20.553,8.455
1915-08-01,13.77,19.997,7.758
1915-09-01,11.867,17.811,6.038
1915-10-01,8.984,14.862,3.017
1915-11-01,6.216,12.159,0.297
1915-12-01,3.633,9.515,-2.069
1916-01-01,2.616,8.309,-2.927
1916-02-01,2.957,8.855,-3.024
1916-03-01,4.846,10.961,-1.584
1916-04-01,8.047,14.096,1.918
1916-05-01,10.972,17.084,4.794
1916-06-01,12.942,18.91,6.867
1916-07-01,14.052,20.012,8.184
1916-08-01,13.58,19.484,7.754
1916-09-01,11.726,17.634,5.725
1916-10-01,9.053,14.763,3.156
1916-11-01,5.596,11.22,-0.311
1916-12-01,2.316,7.838,-3.402
1917-01-01,2.133,7.848,-3.782
1917-02-01,2.36,8.334,-3.771
1917-03-01,4.488,10.552,-1.983
1917-04-01,7.855,13.932,1.689
1917-05-01,10.443,16.421,4.305
1917-06-01,12.915,18.889,6.792
1917-07-01,14.259,20.083,8.377
1917-08-01,13.471,19.568,7.545
1917-09-01,11.745,17.669,5.796
1917-10-01,8.544,14.426,2.64
1917-11-01,5.82,11.686,0.057
1917-12-01,2.247,7.703,-3.43
1918-01-01,1.934,7.552,-3.802
1918-02-01,2.455,8.256,-3.568
1918-03-01,4.811,10.704,-1.267
1918-04-01,7.644,13.706,1.426
1918-05-01,10.54,16.48,4.386
1918-06-01,12.908,18.731,6.772
1918-07-01,14.002,19.916,7.896
1918-08-01,13.431,19.326,7.492
1918-09-01,11.881,17.999,5.8
1918-10-01,9.433,15.332,3.578
1918-11-01,5.683,11.265,0.142
1918-12-01,2.848,8.266,-2.627
1919-01-01,2.184,7.649,-3.396
1919-02-01,2.852,8.627,-2.996
1919-03-01,4.743,10.714,-1.547
1919-04-01,8.487,14.412,2.441
1919-05-01,10.969,16.701,4.881
1919-06-01,13.228,19.017,7.102
1919-07-01,14.274,20.146,8.264
1919-08-01,13.786,19.804,7.842
1919-09-01,11.99,17.887,6.126
1919-10-01,9.361,15.005,3.522
1919-11-01,5.489,11.158,-0.431
1919-12-01,3.224,8.756,-2.395
1920-01-01,2.841,8.444,-2.942
1920-02-01,2.755,8.266,-3.109
1920-03-01,5.227,11.034,-0.782
1920-04-01,8.293,14.141,2.164
1920-05-01,11.131,17.145,5.126
1920-06-01,13.105,18.9,7.057
1920-07-01,14.245,20.121,8.299
1920-08-01,13.698,19.647,7.772
1920-09-01,11.794,17.81,5.85
1920-10-01,9.021,14.852,3.1
1920-11-01,5.566,11.127,-0.123
1920-12-01,2.629,8.225,-3.063
1921-01-01,2.98,8.737,-2.709
1921-02-01,3.125,9.17,-2.816
1921-03-01,5.081,10.928,-0.931
1921-04-01,8.324,14.327,2.252
1921-05-01,11.245,17.255,5.152
1921-06-01,13.44,19.36,7.384
1921-07-01,14.436,20.42,8.424
1921-08-01,13.561,19.468,7.601
1921-09-01,11.869,17.785,5.996
1921-10-01,9.264,15.124,3.446
1921-11-01,5.864,11.362,0.2
1921-12-01,3.663,9.157,-1.874
1922-01-01,2.15,7.603,-3.428
1922-02-01,2.376,8.234,-3.684
1922-03-01,5.156,11.248,-1.188
1922-04-01,8.38,14.521,2.156
1922-05-01,11.097,16.912,4.983
1922-06-01,13.331,19.153,7.266
1922-07-01,14.278,20.098,8.241
1922-08-01,13.584,19.475,7.599
1922-09-01,11.775,17.661,5.754
1922-10-01,9.056,14.975,3.134
1922-11-01,6.046,11.615,0.232
1922-12-01,3.667,8.968,-1.865
1923-01-01,2.487,8.21,-3.195
1923-02-01,2.563,8.298,-3.172
1923-03-01,4.866,10.786,-1.256
1923-04-01,7.749,13.64,1.602
1923-05-01,10.849,16.825,4.79
1923-06-01,13.296,19.056,7.139
1923-07-01,13.984,19.81,8.012
1923-08-01,13.611,19.445,7.645
1923-09-01,11.883,17.783,5.816
1923-10-01,9.52,15.188,3.523
1923-11-01,6.378,11.871,0.474
1923-12-01,3.88,9.269,-1.903
1924-01-01,2.339,7.912,-3.502
1924-02-01,2.888,8.609,-3.025
1924-03-01,5.352,11.24,-0.806
1924-04-01,7.97,13.857,1.722
1924-05-01,11.188,17.185,4.905
1924-06-01,13.342,19.195,7.085
1924-07-01,14.304,20.057,8.161
1924-08-01,13.654,19.519,7.585
1924-09-01,11.957,17.783,6.024
1924-10-01,9.203,14.896,3.29
1924-11-01,6.4,11.794,0.656
1924-12-01,3.485,8.639,-2.021
1925-01-01,2.268,7.484,-3.179
1925-02-01,2.701,8.51,-3.314
1925-03-01,5.126,11.133,-1.14
1925-04-01,8.442,14.538,2.178
1925-05-01,11.039,17.032,4.828
1925-06-01,13.089,19.041,6.883
1925-07-01,14.066,19.971,8.047
1925-08-01,13.769,19.737,7.724
1925-09-01,11.979,17.874,6.008
1925-10-01,9.196,14.889,3.287
1925-11-01,6.34,11.912,0.646
1925-12-01,4.398,10.011,-1.47
1926-01-01,3.453,8.785,-2.222
1926-02-01,3.717,9.503,-2.307
1926-03-01,5.831,11.593,-0.234
1926-04-01,8.193,14.095,2.006
1926-05-01,10.931,16.688,4.806
1926-06-01,13.285,19.214,7.079
1926-07-01,14.168,19.998,8.058
1926-08-01,13.877,19.695,7.916
1926-09-01,12.075,17.816,6.15
1926-10-01,9.55,15.474,3.601
1926-11-01,6.3,11.936,0.618
1926-12-01,3.366,8.63,-2.248
1927-01-01,2.372,7.935,-3.512
1927-02-01,3.039,8.67,-2.866
1927-03-01,4.668,10.565,-1.495
1927-04-01,8.035,14.007,1.852
1927-05-01,11.104,16.998,4.873
1927-06-01,13.272,19.136,7.106
1927-07-01,14.323,20.237,8.284
1927-08-01,13.698,19.529,7.697
1927-09-01,12.254,18.109,6.26
1927-10-01,9.887,15.627,4.02
1927-11-01,6.346,12.072,0.596
1927-12-01,3.267,8.689,-2.392
1928-01-01,3.046,8.291,-2.631
1928-02-01,3.333,9.04,-2.609
1928-03-01,4.959,10.892,-1.247
1928-04-01,8.244,14.193,2.046
1928-05-01,11.169,17.06,4.981
1928-06-01,13.113,18.856,7.045
1928-07-01,14.31,20.005,8.189
1928-08-01,13.687,19.522,7.798
1928-09-01,12.03,17.981,6.02
1928-10-01,9.486,15.387,3.549
1928-11-01,6.336,11.933,0.629
1928-12-01,3.873,9.186,-1.751
1929-01-01,2.054,7.48,-3.66
1929-02-01,2.172,7.838,-3.883
1929-03-01,5.099,10.982,-1.131
1929-04-01,8.094,14.08,1.842
1929-05-01,10.915,16.906,4.784
1929-06-01,12.928,18.65,6.908
1929-07-01,13.957,19.652,8.012
1929-08-01,13.68,19.548,7.697
1929-09-01,11.807,17.598,5.926
1929-10-01,9.46,15.217,3.686
1929-11-01,6.172,11.757,0.377
1929-12-01,2.571,7.769,-2.945
1930-01-01,2.401,7.67,-3.169
1930-02-01,3.152,8.9,-2.852
1930-03-01,5.483,11.539,-0.571
1930-04-01,8.182,14.017,2.072
1930-05-01,11.105,16.87,5.016
1930-06-01,13.347,19.071,7.295
1930-07-01,14.465,20.252,8.415
1930-08-01,13.928,19.803,7.996
1930-09-01,11.874,17.754,5.935
1930-10-01,9.261,14.941,3.587
1930-11-01,6.574,12.032,0.892
1930-12-01,3.831,9.066,-1.736
1931-01-01,2.761,8.059,-2.897
1931-02-01,2.708,8.218,-3.123
1931-03-01,5.22,11.194,-1.006
1931-04-01,8.163,14.079,2.025
1931-05-01,11.02,16.805,4.951
1931-06-01,13.573,19.419,7.489
1931-07-01,14.576,20.399,8.665
1931-08-01,14.12,19.961,8.189
1931-09-01,12.283,18.078,6.485
1931-10-01,9.937,15.718,4.073
1931-11-01,6.243,11.63,0.545
1931-12-01,4.027,9.477,-1.573
1932-01-01,3.604,9.159,-2.054
1932-02-01,2.989,8.797,-3.23
1932-03-01,4.94,10.934,-1.164
1932-04-01,8.769,14.644,2.599
1932-05-01,11.239,16.865,5.225
1932-06-01,13.383,19.114,7.258
1932-07-01,14.372,20.093,8.416
1932-08-01,13.74,19.5,7.917
1932-09-01,12.31,18.216,6.34
1932-10-01,9.682,15.424,3.9
1932-11-01,5.908,11.551,0.014
1932-12-01,3.527,8.888,-2.071
1933-01-01,2.169,7.379,-3.453
1933-02-01,2.657,8.351,-3.318
1933-03-01,4.869,10.774,-1.27
1933-04-01,8.125,14.046,2.003
1933-05-01,11.047,16.845,4.988
1933-06-01,13.11,19.036,7.001
1933-07-01,14.236,20.037,8.295
1933-08-01,13.76,19.635,7.858
1933-09-01,11.854,17.631,6.055
1933-10-01,9.238,15.172,3.374
1933-11-01,5.89,11.578,0.093
1933-12-01,3.104,8.456,-2.533
1934-01-01,2.476,7.995,-3.131
1934-02-01,3.699,9.504,-2.191
1934-03-01,4.818,10.835,-1.382
1934-04-01,8.016,13.996,1.853
1934-05-01,11.478,17.533,5.26
1934-06-01,13.402,19.183,7.422
1934-07-01,14.343,20.14,8.472
1934-08-01,13.778,19.534,8.01
1934-09-01,11.727,17.505,5.899
1934-10-01,9.421,15.371,3.629
1934-11-01,6.397,11.736,0.978
1934-12-01,3.985,9.279,-1.62
1935-01-01,2.175,7.737,-3.618
1935-02-01,4.125,9.944,-1.717
1935-03-01,5.399,11.343,-0.802
1935-04-01,7.771,13.81,1.551
1935-05-01,10.906,16.88,4.755
1935-06-01,13.326,19.1,7.193
1935-07-01,14.331,20.173,8.438
1935-08-01,13.775,19.657,7.831
1935-09-01,11.999,17.896,6.042
1935-10-01,9.516,15.379,3.7
1935-11-01,5.443,10.849,-0.23
1935-12-01,3.423,8.675,-2.09
1936-01-01,2.249,7.806,-3.53
1936-02-01,2.506,8.253,-3.458
1936-03-01,5.031,11.032,-1.154
1936-04-01,8.127,14.082,1.976
1936-05-01,11.251,17.076,5.23
1936-06-01,13.363,19.171,7.288
1936-07-01,14.629,20.443,8.704
1936-08-01,13.86,19.691,7.929
1936-09-01,12.021,17.91,6.064
1936-10-01,9.457,15.316,3.658
1936-11-01,6.233,11.814,0.407
1936-12-01,3.921,9.181,-1.441
1937-01-01,2.453,7.879,-3.216
1937-02-01,3.553,9.237,-2.387
1937-03-01,4.851,10.731,-1.413
1937-04-01,8.14,14.025,2.001
1937-05-01,11.422,17.358,5.169
1937-06-01,13.603,19.558,7.454
1937-07-01,14.375,20.154,8.41
1937-08-01,14.007,19.85,8.145
1937-09-01,12.413,18.377,6.419
1937-10-01,9.729,15.635,4.002
1937-11-01,6.356,11.913,0.612
1937-12-01,3.478,8.999,-2.196
1938-01-01,2.91,8.416,-2.597
1938-02-01,3.417,9.138,-2.518
1938-03-01,5.651,11.616,-0.431
1938-04-01,8.913,14.984,2.968
1938-05-01,11.456,17.429,5.427
1938-06-01,13.321,18.989,7.418
1938-07-01,14.482,20.249,8.612
1938-08-01,13.963,19.85,8.097
1938-09-01,12.427,18.311,6.468
1938-10-01,9.784,15.734,3.984
1938-11-01,6.53,12.161,0.969
1938-12-01,3.51,8.922,-2.001
1939-01-01,2.932,8.53,-2.771
1939-02-01,3.232,9.048,-2.535
1939-03-01,4.926,10.836,-1.1
1939-04-01,8.328,14.44,2.271
1939-05-01,11.524,17.489,5.362
1939-06-01,13.531,19.47,7.51
1939-07-01,14.395,20.26,8.617
1939-08-01,13.932,19.807,8.011
1939-09-01,11.958,17.922,5.907
1939-10-01,9.218,14.963,3.479
1939-11-01,6.189,11.742,0.555
1939-12-01,4.959,10.629,-0.738
1940-01-01,2.335,7.942,-3.35
1940-02-01,3.423,9.25,-2.488
1940-03-01,5.424,11.402,-0.622
1940-04-01,8.756,14.793,2.722
1940-05-01,11.338,17.273,5.202
1940-06-01,13.583,19.501,7.532
1940-07-01,14.571,20.408,8.51
1940-08-01,13.811,19.662,7.937
1940-09-01,12.268,18.186,6.377
1940-10-01,9.457,15.273,3.762
1940-11-01,6.076,11.667,0.52
1940-12-01,4.134,9.592,-1.418
1941-01-01,2.735,8.348,-3.01
1941-02-01,3.67,9.439,-2.234
1941-03-01,5.213,11.152,-0.901
1941-04-01,8.575,14.429,2.616
1941-05-01,11.493,17.259,5.582
1941-06-01,13.63,19.447,7.696
1941-07-01,14.694,20.578,8.739
1941-08-01,14.028,19.853,8.134
1941-09-01,11.816,17.813,5.973
1941-10-01,9.71,15.504,3.988
1941-11-01,5.953,11.536,0.265
1941-12-01,3.707,9.076,-1.87
1942-01-01,3.103,8.715,-2.609
1942-02-01,2.857,8.544,-2.883
1942-03-01,5.308,11.264,-0.771
1942-04-01,8.416,14.453,2.401
1942-05-01,11.338,17.196,5.398
1942-06-01,13.578,19.417,7.721
1942-07-01,14.242,20.107,8.516
1942-08-01,13.786,19.603,8.042
1942-09-01,12.146,18.143,6.151
1942-10-01,9.627,15.452,3.864
1942-11-01,6.395,12.149,0.685
1942-12-01,3.945,9.368,-1.474
1943-01-01,2.396,8.017,-3.283
1943-02-01,3.513,9.468,-2.37
1943-03-01,5.138,11.123,-0.812
1943-04-01,8.638,14.654,2.719
1943-05-01,11.485,17.401,5.523
1943-06-01,13.161,19.036,7.314
1943-07-01,14.46,20.394,8.503
1943-08-01,13.774,19.68,7.986
1943-09-01,12.096,18.029,6.325
1943-10-01,9.907,15.859,4.068
1943-11-01,6.26,11.87,0.592
1943-12-01,4.233,9.705,-1.326
1944-01-01,3.504,9.037,-1.929
1944-02-01,3.591,9.407,-2.123
1944-03-01,5.531,11.517,-0.4
1944-04-01,8.434,14.577,2.337
1944-05-01,11.334,17.483,5.328
1944-06-01,13.478,19.508,7.491
1944-07-01,14.468,20.493,8.652
1944-08-01,14.017,20.108,8.076
1944-09-01,12.45,18.453,6.614
1944-10-01,9.808,15.732,4.032
1944-11-01,6.091,11.515,0.607
1944-12-01,3.434,8.896,-1.969
1945-01-01,2.525,8.127,-2.907
1945-02-01,2.646,8.373,-3.044
1945-03-01,5.184,11.182,-0.898
1945-04-01,8.681,14.727,2.601
1945-05-01,11.097,17.214,5.008
1945-06-01,13.328,19.407,7.366
1945-07-01,14.213,20.142,8.352
1945-08-01,14.313,20.189,8.413
1945-09-01,12.225,18.078,6.414
1945-10-01,9.575,15.458,3.83
1945-11-01,6.073,11.697,0.47
1945-12-01,3.158,8.671,-2.337
1946-01-01,2.979,8.484,-2.547
1946-02-01,3.461,9.259,-2.389
1946-03-01,5.236,11.244,-0.839
1946-04-01,8.837,14.909,2.711
1946-05-01,11.355,17.275,5.323
1946-06-01,13.298,19.086,7.197
1946-07-01,14.409,20.265,8.427
1946-08-01,13.834,19.783,7.998
1946-09-01,12.064,17.921,6.264
1946-10-01,9.281,15.175,3.577
1946-11-01,6.235,11.863,0.555
1946-12-01,3.134,8.514,-2.31
1947-01-01,2.597,8.109,-2.992
1947-02-01,3.277,9.045,-2.668
1947-03-01,5.801,11.8,-0.367
1947-04-01,8.686,14.734,2.738
1947-05-01,11.329,17.266,5.263
1947-06-01,13.459,19.361,7.452
1947-07-01,14.349,20.126,8.35
1947-08-01,13.827,19.541,8.002
1947-09-01,12.166,17.959,6.355
1947-10-01,10.011,15.797,4.313
1947-11-01,6.407,11.926,0.913
1947-12-01,3.656,9.086,-1.784
1948-01-01,3.366,9.136,-2.352
1948-02-01,3.22,9.034,-2.613
1948-03-01,4.919,10.852,-1.039
1948-04-01,8.499,14.384,2.617
1948-05-01,11.537,17.592,5.515
1948-06-01,13.664,19.614,7.585
1948-07-01,14.445,20.334,8.625
1948-08-01,13.896,19.87,7.965
1948-09-01,12.155,18.217,6.209
1948-10-01,9.584,15.52,3.812
1948-11-01,6.185,11.853,0.691
1948-12-01,3.491,8.981,-2.03
1949-01-01,3.219,8.837,-2.428
1949-02-01,2.759,8.518,-3.003
1949-03-01,5.077,10.981,-0.773
1949-04-01,8.344,14.41,2.364
1949-05-01,11.309,17.196,5.444
1949-06-01,13.223,19.064,7.389
1949-07-01,14.199,20.128,8.297
1949-08-01,13.826,19.77,8.004
1949-09-01,11.957,17.969,6.052
1949-10-01,9.531,15.439,3.719
1949-11-01,6.148,11.821,0.453
1949-12-01,3.449,8.843,-1.892
1950-01-01,2.008,7.611,-3.622
1950-02-01,2.721,8.475,-3.013
1950-03-01,5.247,11.173,-0.693
1950-04-01,8.123,14.157,2.043
1950-05-01,11.297,17.252,5.421
1950-06-01,13.382,19.29,7.501
1950-07-01,14.14,19.882,8.417
1950-08-01,13.46,19.39,7.729
1950-09-01,11.952,17.737,6.205
1950-10-01,9.153,14.918,3.452
1950-11-01,5.372,11.077,-0.426
1950-12-01,3.528,9.123,-2.071
1951-01-01,2.138,7.77,-3.521
1951-02-01,2.332,8.163,-3.661
1951-03-01,5.091,11.074,-1.087
1951-04-01,8.367,14.538,2.191
1951-05-01,11.438,17.371,5.376
1951-06-01,13.25,19.16,7.312
1951-07-01,14.324,20.225,8.416
1951-08-01,14.021,19.81,8.033
1951-09-01,12.324,18.362,6.427
1951-10-01,9.67,15.149,4.047
1951-11-01,6.225,11.752,0.457
1951-12-01,4.328,9.788,-1.162
1952-01-01,3.049,8.656,-2.579
1952-02-01,3.396,9.113,-2.425
1952-03-01,4.967,10.96,-1.193
1952-04-01,8.461,14.565,2.445
1952-05-01,11.352,17.289,5.394
1952-06-01,13.442,19.426,7.626
1952-07-01,14.549,20.416,8.754
1952-08-01,13.964,19.753,8.161
1952-09-01,12.238,18.109,6.379
1952-10-01,9.157,15.032,3.294
1952-11-01,5.425,11.017,-0.164
1952-12-01,3.659,9.215,-1.85
1953-01-01,2.964,8.541,-2.629
1953-02-01,3.629,9.51,-2.182
1953-03-01,5.712,11.677,-0.22
1953-04-01,8.892,14.813,2.913
1953-05-01,11.514,17.358,5.53
1953-06-01,13.612,19.461,7.749
1953-07-01,14.392,20.254,8.565
1953-08-01,14.059,19.803,8.25
1953-09-01,12.199,18.145,6.288
1953-10-01,9.59,15.367,3.908
1953-11-01,5.924,11.376,0.419
1953-12-01,3.998,9.366,-1.299
1954-01-01,2.059,7.673,-3.581
1954-02-01,3.084,8.863,-2.674
1954-03-01,5.148,11.148,-0.865
1954-04-01,8.158,13.973,2.424
1954-05-01,10.988,16.784,5.196
1954-06-01,13.4,19.213,7.62
1954-07-01,14.241,20.015,8.543
1954-08-01,13.868,19.588,8.184
1954-09-01,12.098,17.852,6.368
1954-10-01,9.546,15.26,3.902
1954-11-01,6.579,12.155,1.046
1954-12-01,3.559,8.915,-1.773
1955-01-01,3.412,8.914,-2.028
1955-02-01,3.137,8.966,-2.71
1955-03-01,4.585,10.377,-1.427
1955-04-01,8.136,13.914,2.223
1955-05-01,11.192,17.11,5.504
1955-06-01,13.56,19.218,7.735
1955-07-01,14.242,19.959,8.579
1955-08-01,14.283,19.857,8.303
1955-09-01,11.954,17.859,6.405
1955-10-01,9.735,15.446,3.923
1955-11-01,5.973,11.527,0.084
1955-12-01,3.306,8.802,-2.254
1956-01-01,2.466,7.909,-3.055
1956-02-01,2.781,8.555,-3.131
1956-03-01,4.889,10.836,-1.028
1956-04-01,7.922,13.848,2.043
1956-05-01,10.721,16.734,5.083
1956-06-01,13.16,18.939,7.309
1956-07-01,14.18,19.952,8.603
1956-08-01,13.189,18.967,7.513
1956-09-01,11.783,17.501,5.872
1956-10-01,8.928,14.667,3.173
1956-11-01,5.738,11.414,0.134
1956-12-01,3.598,8.962,-1.775
1957-01-01,2.488,8.005,-2.97
1957-02-01,3.12,8.708,-2.51
1957-03-01,5.036,10.986,-0.916
1957-04-01,8.366,14.094,2.426
1957-05-01,11.259,17.054,5.43
1957-06-01,13.783,19.473,7.811
1957-07-01,14.129,19.828,8.382
1957-08-01,14.082,19.792,8.263
1957-09-01,12.312,18.065,6.407
1957-10-01,9.496,15.049,3.801
1957-11-01,6.391,11.849,0.831
1957-12-01,4.328,9.68,-0.943
1958-01-01,3.574,8.977,-1.772
1958-02-01,3.695,9.546,-1.949
1958-03-01,5.453,11.321,-0.549
1958-04-01,8.52,14.392,2.57
1958-05-01,11.519,17.355,5.625
1958-06-01,13.187,19.028,7.427
1958-07-01,14.438,20.121,8.839
1958-08-01,13.597,19.399,8.048
1958-09-01,11.845,17.549,6.204
1958-10-01,9.375,15.094,3.742
1958-11-01,6.26,11.718,0.746
1958-12-01,3.822,9.23,-1.557
1959-01-01,2.959,8.39,-2.406
1959-02-01,3.33,9.004,-2.225
1959-03-01,5.854,11.728,-0.071
1959-04-01,8.819,14.752,2.807
1959-05-01,11.323,17.164,5.536
1959-06-01,13.577,19.379,7.748
1959-07-01,14.449,20.236,8.854
1959-08-01,13.853,19.532,8.321
1959-09-01,11.946,17.663,6.344
1959-10-01,9.16,14.767,3.586
1959-11-01,5.752,11.261,0.302
1959-12-01,3.77,9.122,-1.493
1960-01-01,2.713,8.222,-2.623
1960-02-01,3.798,9.748,-1.92
1960-03-01,4.303,10.216,-1.677
1960-04-01,8.133,13.955,2.229
1960-05-01,10.872,16.71,5.044
1960-06-01,13.484,19.306,7.729
1960-07-01,14.198,19.884,8.492
1960-08-01,13.825,19.604,8.242
1960-09-01,12.095,17.856,6.498
1960-10-01,9.497,15.235,3.8
1960-11-01,5.828,11.433,0.355
1960-12-01,4.259,9.64,-0.978
1961-01-01,2.926,8.38,-2.383
1961-02-01,3.683,9.299,-1.895
1961-03-01,5.589,11.478,-0.271
1961-04-01,8.631,14.497,2.817
1961-05-01,11.624,17.592,5.729
1961-06-01,13.702,19.598,7.796
1961-07-01,14.288,20.014,8.664
1961-08-01,13.849,19.606,8.23
1961-09-01,12.247,17.987,6.525
1961-10-01,9.328,15.057,3.508
1961-11-01,6.205,11.655,0.74
1961-12-01,3.5,9.016,-1.915
1962-01-01,3.003,8.657,-2.509
1962-02-01,3.696,9.547,-2.045
1962-03-01,5.53,11.537,-0.416
1962-04-01,8.54,14.473,2.576
1962-05-01,11.128,17.04,5.195
1962-06-01,13.427,19.35,7.456
1962-07-01,14.205,20.054,8.451
1962-08-01,13.713,19.553,7.941
1962-09-01,12.018,17.845,6.313
1962-10-01,9.468,15.226,3.774
1962-11-01,6.283,11.775,0.797
1962-12-01,3.94,9.425,-1.43
1963-01-01,2.901,8.671,-2.679
1963-02-01,4.02,9.95,-1.685
1963-03-01,5.097,11.043,-0.895
1963-04-01,8.173,13.914,2.35
1963-05-01,11.045,16.819,5.234
1963-06-01,13.412,19.276,7.604
1963-07-01,14.506,20.229,8.797
1963-08-01,14.309,20.009,8.471
1963-09-01,12.555,18.306,6.724
1963-10-01,9.943,15.716,4.326
1963-11-01,6.561,12.068,1.31
1963-12-01,3.75,9.346,-1.666
1964-01-01,2.881,8.384,-2.549
1964-02-01,3.028,8.791,-2.613
1964-03-01,4.865,10.97,-1.152
1964-04-01,7.922,13.794,2.152
1964-05-01,10.905,16.801,5.202
1964-06-01,13.459,19.275,7.536
1964-07-01,14.301,20.065,8.572
1964-08-01,13.678,19.386,8.05
1964-09-01,11.604,17.394,6.11
1964-10-01,8.832,14.654,3.218
1964-11-01,5.983,11.609,0.483
1964-12-01,3.458,8.759,-1.783
1965-01-01,2.862,8.418,-2.526
1965-02-01,3.036,8.907,-2.822
1965-03-01,5.182,11.22,-0.735
1965-04-01,7.99,13.841,2.168
1965-05-01,11.222,17.168,5.262
1965-06-01,13.308,19.126,7.483
1965-07-01,14.078,19.869,8.376
1965-08-01,13.807,19.583,8.184
1965-09-01,11.73,17.407,6.096
1965-10-01,9.488,15.11,3.8
1965-11-01,5.86,11.337,0.354
1965-12-01,3.766,9.235,-1.543
1966-01-01,2.49,8.049,-3.041
1966-02-01,3.29,9.005,-2.421
1966-03-01,5.527,11.296,-0.42
1966-04-01,8.161,13.951,2.331
1966-05-01,11.2,17.07,5.189
1966-06-01,13.587,19.378,7.723
1966-07-01,14.569,20.392,8.823
1966-08-01,13.731,19.627,8.087
1966-09-01,12.133,18.028,6.482
1966-10-01,9.153,14.777,3.555
1966-11-01,5.969,11.58,0.412
1966-12-01,3.382,8.758,-1.927
1967-01-01,2.71,8.395,-2.869
1967-02-01,2.905,8.619,-2.772
1967-03-01,5.396,11.222,-0.356
1967-04-01,8.458,14.376,2.5
1967-05-01,11.632,17.505,5.784
1967-06-01,13.194,18.911,7.445
1967-07-01,14.331,20.142,8.706
1967-08-01,13.821,19.593,8.172
1967-09-01,12.054,17.852,6.269
1967-10-01,9.809,15.479,4.178
1967-11-01,6.176,11.505,0.808
1967-12-01,3.915,9.279,-1.42
1968-01-01,2.353,7.867,-3.062
1968-02-01,3.245,8.88,-2.319
1968-03-01,6.117,11.907,0.285
1968-04-01,8.455,14.427,2.596
1968-05-01,11.068,16.76,5.176
1968-06-01,13.204,18.873,7.318
1968-07-01,14.026,19.734,8.431
1968-08-01,13.524,19.238,7.892
1968-09-01,11.62,17.348,5.942
1968-10-01,9.453,15.086,3.787
1968-11-01,5.891,11.3,0.357
1968-12-01,3.24,8.551,-2.116
1969-01-01,1.966,7.229,-3.298
1969-02-01,2.45,7.969,-3.191
1969-03-01,5.131,11.018,-0.824
1969-04-01,8.576,14.286,2.69
1969-05-01,11.354,17.064,5.565
1969-06-01,13.475,19.208,7.568
1969-07-01,14.218,20.024,8.666
1969-08-01,13.804,19.628,8.124
1969-09-01,12.048,17.67,6.421
1969-10-01,9.489,14.888,4.05
1969-11-01,6.42,11.974,0.923
1969-12-01,4.21,9.587,-1.139
1970-01-01,2.836,8.288,-2.584
1970-02-01,3.735,9.543,-2.02
1970-03-01,5.272,11.066,-0.545
1970-04-01,8.603,14.383,2.739
1970-05-01,11.206,17.165,5.402
1970-06-01,13.513,19.368,7.599
1970-07-01,14.395,20.254,8.723
1970-08-01,13.658,19.43,8.097
1970-09-01,12.277,17.879,6.62
1970-10-01,9.348,14.96,3.787
1970-11-01,6.047,11.562,0.524
1970-12-01,3.521,8.941,-1.829
1971-01-01,2.967,8.531,-2.531
1971-02-01,2.867,8.579,-2.723
1971-03-01,5.001,10.967,-0.896
1971-04-01,8.339,14.267,2.516
1971-05-01,11.211,17.186,5.384
1971-06-01,13.099,18.992,7.436
1971-07-01,14.139,19.984,8.511
1971-08-01,13.879,19.593,8.086
1971-09-01,12.139,17.918,6.463
1971-10-01,9.388,15.146,3.809
1971-11-01,6.295,11.842,0.931
1971-12-01,3.867,9.228,-1.439
1972-01-01,1.882,7.392,-3.549
1972-02-01,2.609,8.219,-3.115
1972-03-01,5.287,11.169,-0.672
1972-04-01,8.337,14.148,2.498
1972-05-01,11.155,16.968,5.361
1972-06-01,13.501,19.231,7.627
1972-07-01,14.231,20.037,8.568
1972-08-01,14.171,19.88,8.386
1972-09-01,11.901,17.529,6.166
1972-10-01,9.346,15.057,3.84
1972-11-01,5.797,11.167,0.52
1972-12-01,3.778,9.182,-1.492
1973-01-01,3.038,8.492,-2.308
1973-02-01,3.898,9.496,-1.654
1973-03-01,5.82,11.605,0.109
1973-04-01,8.938,14.51,3.107
1973-05-01,11.769,17.417,5.926
1973-06-01,13.824,19.497,8.155
1973-07-01,14.435,20.112,8.989
1973-08-01,13.869,19.707,8.427
1973-09-01,12.125,17.815,6.504
1973-10-01,9.609,15.182,3.913
1973-11-01,6.222,11.667,0.788
1973-12-01,3.832,9.292,-1.514
1974-01-01,2.261,7.464,-2.894
1974-02-01,2.582,8.118,-2.926
1974-03-01,5.19,10.966,-0.495
1974-04-01,8.386,14.179,2.59
1974-05-01,11.198,16.932,5.47
1974-06-01,13.382,19.235,7.591
1974-07-01,14.288,19.925,8.654
1974-08-01,14.016,19.652,8.391
1974-09-01,11.744,17.43,6.14
1974-10-01,9.098,14.884,3.423
1974-11-01,5.915,11.459,0.389
1974-12-01,3.55,8.739,-1.522
1975-01-01,3.059,8.484,-2.257
1975-02-01,3.395,9.026,-2.096
1975-03-01,5.706,11.384,-0.15
1975-04-01,8.584,14.399,2.882
1975-05-01,11.742,17.484,5.842
1975-06-01,13.557,19.275,7.796
1975-07-01,14.351,20.051,8.637
1975-08-01,13.514,19.248,7.892
1975-09-01,12.152,17.804,6.54
1975-10-01,9.318,14.908,3.671
1975-11-01,5.893,11.462,0.332
1975-12-01,3.667,9.079,-1.636
1976-01-01,2.884,8.398,-2.452
1976-02-01,3.031,8.509,-2.443
1976-03-01,4.517,10.305,-1.204
1976-04-01,8.294,14.177,2.489
1976-05-01,10.942,16.728,5.176
1976-06-01,13.086,18.954,7.345
1976-07-01,14.155,19.852,8.349
1976-08-01,13.511,19.163,7.646
1976-09-01,11.895,17.74,6.197
1976-10-01,8.511,14.028,3.113
1976-11-01,5.66,11.156,0.302
1976-12-01,3.681,9.086,-1.708
1977-01-01,2.492,7.764,-2.648
1977-02-01,3.471,9.135,-2.152
1977-03-01,5.702,11.581,-0.035
1977-04-01,8.85,14.751,3.058
1977-05-01,11.78,17.594,6.009
1977-06-01,13.876,19.628,8.058
1977-07-01,14.631,20.327,8.971
1977-08-01,14.09,19.673,8.464
1977-09-01,11.862,17.535,6.35
1977-10-01,9.156,14.875,3.586
1977-11-01,6.544,11.962,1.259
1977-12-01,3.749,9.001,-1.385
1978-01-01,2.705,8.006,-2.52
1978-02-01,3.456,9.006,-2.149
1978-03-01,5.607,11.344,-0.074
1978-04-01,8.791,14.628,3.084
1978-05-01,11.414,17.131,5.723
1978-06-01,13.22,18.891,7.715
1978-07-01,14.364,19.911,8.894
1978-08-01,13.297,18.974,7.681
1978-09-01,12.03,17.64,6.431
1978-10-01,9.339,14.964,3.803
1978-11-01,6.35,11.685,1.08
1978-12-01,3.74,9.195,-1.617
1979-01-01,2.679,8.071,-2.625
1979-02-01,2.841,8.525,-2.759
1979-03-01,5.474,11.331,-0.129
1979-04-01,8.455,14.273,2.623
1979-05-01,11.199,17.139,5.712
1979-06-01,13.487,19.366,7.818
1979-07-01,14.114,19.945,8.491
1979-08-01,13.833,19.623,8.266
1979-09-01,12.247,18.059,6.714
1979-10-01,9.586,15.354,4.054
1979-11-01,6.286,11.807,0.905
1979-12-01,4.6,10,-0.669
1980-01-01,2.956,8.468,-2.457
1980-02-01,3.652,9.26,-1.864
1980-03-01,5.367,11.24,-0.379
1980-04-01,8.935,14.821,3.109
1980-05-01,11.77,17.713,6.131
1980-06-01,13.582,19.375,7.901
1980-07-01,14.742,20.466,9.102
1980-08-01,14.189,19.814,8.563
1980-09-01,12.321,18.121,6.642
1980-10-01,9.55,15.17,4.051
1980-11-01,6.684,12.196,1.334
1980-12-01,4.016,9.431,-1.277
1981-01-01,3.785,9.267,-1.298
1981-02-01,4.021,9.689,-1.41
1981-03-01,6.239,12.05,0.554
1981-04-01,8.953,14.817,3.131
1981-05-01,11.565,17.471,5.901
1981-06-01,13.765,19.611,8.065
1981-07-01,14.738,20.398,9.208
1981-08-01,14.502,20.293,8.977
1981-09-01,12.236,17.95,6.646
1981-10-01,9.394,14.979,3.765
1981-11-01,6.273,11.669,0.97
1981-12-01,4.519,10.068,-0.878
1982-01-01,2.558,8.09,-2.777
1982-02-01,3.281,8.843,-2.075
1982-03-01,4.873,10.667,-0.722
1982-04-01,8.465,14.388,2.89
1982-05-01,11.348,17.149,5.727
1982-06-01,13.245,19.083,7.556
1982-07-01,14.545,20.311,9.019
1982-08-01,13.796,19.534,8.465
1982-09-01,12.039,17.75,6.675
1982-10-01,9.232,14.845,3.917
1982-11-01,5.961,11.314,0.909
1982-12-01,4.327,9.637,-0.705
1983-01-01,3.445,8.747,-1.65
1983-02-01,3.814,9.427,-1.592
1983-03-01,5.699,11.503,0.097
1983-04-01,8.693,14.45,3.053
1983-05-01,11.729,17.477,6.144
1983-06-01,13.478,19.217,7.819
1983-07-01,14.408,20.139,8.829
1983-08-01,14.302,20.105,8.729
1983-09-01,12.698,18.412,7.08
1983-10-01,9.478,15.097,4.011
1983-11-01,6.765,12.334,1.421
1983-12-01,3.829,9.25,-1.312
1984-01-01,2.941,8.338,-2.235
1984-02-01,3.093,8.786,-2.452
1984-03-01,5.671,11.541,-0.078
1984-04-01,8.432,14.335,2.608
1984-05-01,11.976,17.86,6.211
1984-06-01,13.387,19.05,7.662
1984-07-01,14.429,20.109,8.958
1984-08-01,13.984,19.83,8.33
1984-09-01,12.015,17.718,6.5
1984-10-01,9.378,14.891,4.015
1984-11-01,5.811,11.243,0.602
1984-12-01,3.185,8.411,-1.88
1985-01-01,3.01,8.385,-2.22
1985-02-01,2.704,8.322,-2.853
1985-03-01,5.451,11.194,-0.133
1985-04-01,8.633,14.421,2.905
1985-05-01,11.426,17.203,5.756
1985-06-01,13.569,19.396,7.908
1985-07-01,13.973,19.711,8.362
1985-08-01,14.059,19.757,8.515
1985-09-01,11.98,17.634,6.482
1985-10-01,9.338,14.808,4.051
1985-11-01,5.968,11.331,0.703
1985-12-01,3.785,9.044,-1.368
1986-01-01,3.315,8.818,-2.011
1986-02-01,3.991,9.699,-1.637
1986-03-01,5.755,11.629,0.015
1986-04-01,8.871,14.772,3.105
1986-05-01,11.581,17.393,5.889
1986-06-01,13.439,19.211,7.72
1986-07-01,14.293,19.987,8.739
1986-08-01,13.972,19.874,8.433
1986-09-01,11.817,17.713,6.395
1986-10-01,9.299,14.803,3.881
1986-11-01,5.919,11.232,0.702
1986-12-01,3.751,9.071,-1.399
1987-01-01,3.139,8.701,-2.344
1987-02-01,4.134,9.792,-1.366
1987-03-01,5.245,11.203,-0.467
1987-04-01,8.595,14.69,2.835
1987-05-01,11.525,17.315,5.798
1987-06-01,13.927,19.661,8.105
1987-07-01,14.89,20.667,9.326
1987-08-01,13.896,19.632,8.32
1987-09-01,12.447,18.226,6.878
1987-10-01,9.59,15.136,4.094
1987-11-01,6.056,11.518,0.71
1987-12-01,4.489,9.857,-0.712
1988-01-01,3.454,8.864,-1.798
1988-02-01,3.422,9.094,-2.031
1988-03-01,5.931,11.817,0.366
1988-04-01,8.992,14.978,3.289
1988-05-01,11.852,17.676,6.143
1988-06-01,14.099,19.974,8.356
1988-07-01,14.798,20.466,9.186
1988-08-01,14.553,20.124,8.905
1988-09-01,12.681,18.424,7.08
1988-10-01,9.979,15.719,4.363
1988-11-01,6.295,11.837,0.841
1988-12-01,4.363,9.707,-0.852
1989-01-01,2.71,8.095,-2.598
1989-02-01,3.627,9.3,-1.924
1989-03-01,5.792,11.628,0.131
1989-04-01,8.689,14.541,2.737
1989-05-01,11.28,17.105,5.494
1989-06-01,13.447,19.25,7.871
1989-07-01,14.612,20.361,8.989
1989-08-01,14.135,19.987,8.595
1989-09-01,12.403,18.198,6.675
1989-10-01,9.76,15.473,4.1
1989-11-01,6.179,11.718,0.749
1989-12-01,4.43,9.802,-0.807
1990-01-01,3.243,8.557,-1.939
1990-02-01,3.643,9.225,-1.795
1990-03-01,6.73,12.658,1.036
1990-04-01,9.169,15.058,3.373
1990-05-01,11.831,17.642,6.086
1990-06-01,13.893,19.786,8.167
1990-07-01,14.784,20.401,9.158
1990-08-01,14.095,19.956,8.514
1990-09-01,12.195,17.993,6.597
1990-10-01,9.882,15.72,4.285
1990-11-01,6.92,12.561,1.345
1990-12-01,4.425,9.935,-0.922
1991-01-01,3.195,8.506,-1.907
1991-02-01,4.044,9.774,-1.499
1991-03-01,5.574,11.411,-0.129
1991-04-01,9.226,15.123,3.414
1991-05-01,11.616,17.441,6.009
1991-06-01,14.263,19.903,8.509
1991-07-01,14.987,20.643,9.273
1991-08-01,14.319,20.036,8.61
1991-09-01,12.677,18.539,7.004
1991-10-01,9.753,15.553,4.122
1991-11-01,6.44,11.862,1.121
1991-12-01,4.059,9.284,-1.061
1992-01-01,3.579,8.914,-1.655
1992-02-01,3.931,9.491,-1.595
1992-03-01,5.952,11.692,0.253
1992-04-01,8.572,14.366,2.785
1992-05-01,11.535,17.346,5.796
1992-06-01,13.576,19.36,7.818
1992-07-01,14.139,19.853,8.421
1992-08-01,13.766,19.435,8.131
1992-09-01,11.672,17.289,6.132
1992-10-01,9.353,15.152,3.676
1992-11-01,5.889,11.303,0.463
1992-12-01,4.075,9.455,-1.063
1993-01-01,3.301,8.666,-1.919
1993-02-01,3.745,9.42,-1.744
1993-03-01,5.923,11.791,0.141
1993-04-01,8.69,14.585,2.823
1993-05-01,11.475,17.289,5.674
1993-06-01,13.518,19.292,7.767
1993-07-01,14.595,20.228,8.947
1993-08-01,13.835,19.584,8.228
1993-09-01,11.93,17.639,6.287
1993-10-01,9.614,15.294,3.987
1993-11-01,5.738,11.091,0.363
1993-12-01,4.035,9.358,-1.139
1994-01-01,3.024,8.336,-2.274
1994-02-01,2.81,8.594,-2.768
1994-03-01,5.731,11.663,-0.131
1994-04-01,9.018,14.961,3.162
1994-05-01,11.684,17.582,5.682
1994-06-01,14.144,19.932,8.288
1994-07-01,14.658,20.421,8.947
1994-08-01,13.977,19.808,8.274
1994-09-01,12.516,18.335,6.821
1994-10-01,10.002,15.606,4.543
1994-11-01,6.788,12.2,1.311
1994-12-01,4.113,9.313,-1.102
1995-01-01,3.54,8.895,-1.769
1995-02-01,4.656,10.257,-0.879
1995-03-01,5.956,11.784,0.265
1995-04-01,8.972,14.839,3.162
1995-05-01,11.57,17.301,5.758
1995-06-01,14.164,20.115,8.232
1995-07-01,15.116,20.803,9.331
1995-08-01,14.636,20.409,8.808
1995-09-01,12.565,18.382,6.921
1995-10-01,10.106,15.749,4.49
1995-11-01,6.761,12.387,1.266
1995-12-01,4.123,9.396,-1.143
1996-01-01,2.862,8.351,-2.512
1996-02-01,4.012,9.769,-1.762
1996-03-01,5.524,11.411,-0.285
1996-04-01,8.679,14.471,2.717
1996-05-01,11.588,17.437,5.792
1996-06-01,13.681,19.405,7.854
1996-07-01,14.827,20.65,9.123
1996-08-01,14.603,20.416,8.918
1996-09-01,12.294,17.974,6.711
1996-10-01,9.525,15.191,3.929
1996-11-01,6.547,11.952,1.178
1996-12-01,4.325,9.82,-1.089
1997-01-01,3.165,8.588,-2.134
1997-02-01,3.766,9.456,-1.885
1997-03-01,6.012,11.808,0.19
1997-04-01,8.891,14.817,2.967
1997-05-01,11.593,17.378,5.802
1997-06-01,14.131,19.913,8.334
1997-07-01,14.565,20.26,8.825
1997-08-01,14.256,20.13,8.579
1997-09-01,12.685,18.555,6.973
1997-10-01,10.109,15.682,4.665
1997-11-01,6.841,12.195,1.503
1997-12-01,4.417,9.634,-0.737
1998-01-01,3.352,8.555,-1.776
1998-02-01,4.826,10.475,-0.768
1998-03-01,6.023,11.888,0.301
1998-04-01,9.358,15.255,3.439
1998-05-01,12.291,18.182,6.372
1998-06-01,14.521,20.404,8.778
1998-07-01,15.34,20.972,9.715
1998-08-01,14.874,20.505,9.344
1998-09-01,12.673,18.336,7.152
1998-10-01,9.941,15.506,4.45
1998-11-01,6.404,11.872,1.039
1998-12-01,4.669,10.083,-0.656
1999-01-01,3.544,8.877,-1.732
1999-02-01,4.694,10.4,-0.957
1999-03-01,5.53,11.4,-0.274
1999-04-01,8.838,14.807,2.931
1999-05-01,11.706,17.613,5.824
1999-06-01,14.031,19.831,8.205
1999-07-01,14.853,20.578,9.24
1999-08-01,14.348,20.158,8.696
1999-09-01,12.723,18.472,7.109
1999-10-01,9.997,15.583,4.491
1999-11-01,6.592,12.121,1.107
1999-12-01,4.565,9.953,-0.692
2000-01-01,2.95,8.349,-2.322
2000-02-01,4.184,9.863,-1.371
2000-03-01,6.219,12.205,0.376
2000-04-01,9.552,15.534,3.68
2000-05-01,11.874,17.721,5.997
2000-06-01,14.06,19.847,8.243
2000-07-01,14.848,20.665,9.098
2000-08-01,14.519,20.308,8.796
2000-09-01,12.547,18.373,6.822
2000-10-01,9.486,15.069,4
2000-11-01,6.312,11.67,0.996
2000-12-01,3.863,9.182,-1.333
2001-01-01,3.336,8.827,-2.078
2001-02-01,3.72,9.486,-1.997
2001-03-01,6.208,12.131,0.411
2001-04-01,9.245,15.174,3.234
2001-05-01,12.271,18.185,6.35
2001-06-01,14.11,19.962,8.218
2001-07-01,15.161,20.923,9.428
2001-08-01,14.427,20.332,8.664
2001-09-01,12.736,18.581,7.07
2001-10-01,9.935,15.578,4.353
2001-11-01,7.319,12.89,1.92
2001-12-01,4.507,9.841,-0.685
2002-01-01,4.026,9.459,-1.322
2002-02-01,4.704,10.435,-0.948
2002-03-01,6.772,12.775,0.894
2002-04-01,9.229,15.146,3.308
2002-05-01,12.248,18.157,6.199
2002-06-01,14.084,19.912,8.184
2002-07-01,15.354,21.199,9.409
2002-08-01,14.56,20.444,8.807
2002-09-01,12.95,18.785,7.16
2002-10-01,9.988,15.599,4.484
2002-11-01,6.892,12.48,1.389
2002-12-01,4.038,9.357,-1.189
2003-01-01,3.981,9.558,-1.481
2003-02-01,4.085,9.749,-1.48
2003-03-01,6.048,11.972,0.215
2003-04-01,9.154,15.033,3.209
2003-05-01,12.153,18.118,6.208
2003-06-01,14.017,19.77,8.222
2003-07-01,14.983,20.757,9.223
2003-08-01,14.691,20.48,8.974
2003-09-01,12.911,18.692,7.221
2003-10-01,10.424,16.115,4.74
2003-11-01,6.727,12.203,1.347
2003-12-01,5.133,10.545,-0.179
2004-01-01,3.525,8.901,-1.65
2004-02-01,4.499,10.171,-1.182
2004-03-01,6.321,12.275,0.376
2004-04-01,9.249,15.132,3.285
2004-05-01,11.571,17.296,5.707
2004-06-01,13.889,19.66,8.035
2004-07-01,14.312,20.087,8.624
2004-08-01,14.188,20.011,8.382
2004-09-01,12.642,18.451,6.907
2004-10-01,10.127,15.843,4.511
2004-11-01,7.315,12.796,1.91
2004-12-01,4.257,9.593,-0.932
2005-01-01,3.808,9.026,-1.377
2005-02-01,3.92,9.508,-1.534
2005-03-01,6.544,12.316,0.813
2005-04-01,9.618,15.551,3.697
2005-05-01,12.226,17.995,6.392
2005-06-01,14.476,20.104,8.863
2005-07-01,15.19,20.88,9.569
2005-08-01,14.51,20.25,8.934
2005-09-01,13.217,19.11,7.412
2005-10-01,10.601,16.235,5.004
2005-11-01,7.423,12.944,1.988
2005-12-01,4.878,10.279,-0.395
2006-01-01,3.286,8.617,-1.942
2006-02-01,4.43,10.124,-1.229
2006-03-01,6.329,12.239,0.56
2006-04-01,9.055,15.004,3.081
2006-05-01,11.786,17.65,5.791
2006-06-01,14.443,20.317,8.53
2006-07-01,15.042,20.905,9.288
2006-08-01,14.913,20.79,9.147
2006-09-01,12.875,18.779,7.081
2006-10-01,10.289,15.925,4.796
2006-11-01,6.955,12.448,1.518
2006-12-01,4.987,10.346,-0.243
2007-01-01,4.579,10.084,-0.818
2007-02-01,4.221,10.039,-1.503
2007-03-01,6.485,12.483,0.517
2007-04-01,9.823,15.807,3.88
2007-05-01,12.518,18.395,6.568
2007-06-01,14.309,20.223,8.37
2007-07-01,15.23,21.108,9.482
2007-08-01,14.752,20.641,9.032
2007-09-01,12.93,18.838,7.18
2007-10-01,10.332,16.134,4.609
2007-11-01,7.084,12.772,1.478
2007-12-01,4.523,9.873,-0.684
2008-01-01,2.844,8.155,-2.383
2008-02-01,3.576,9.351,-2.106
2008-03-01,6.906,12.992,0.879
2008-04-01,9.295,15.42,3.175
2008-05-01,12.054,17.989,6.053
2008-06-01,14.145,19.973,8.266
2008-07-01,15.174,21.006,9.407
2008-08-01,14.377,20.176,8.594
2008-09-01,12.802,18.629,7.116
2008-10-01,10.399,16.038,4.847
2008-11-01,7.224,12.738,1.796
2008-12-01,4.385,9.834,-0.946
2009-01-01,3.687,9.176,-1.756
2009-02-01,4.094,9.822,-1.545
2009-03-01,6.086,12.065,0.132
2009-04-01,9.367,15.377,3.32
2009-05-01,12.112,18.01,6.141
2009-06-01,14.201,20.056,8.3
2009-07-01,15.231,21.085,9.456
2009-08-01,14.655,20.577,8.855
2009-09-01,13.153,19.006,7.397
2009-10-01,10.136,15.79,4.563
2009-11-01,7.031,12.574,1.64
2009-12-01,4.31,9.661,-0.94
2010-01-01,3.737,9.245,-1.677
2010-02-01,4.399,10.034,-1.107
2010-03-01,6.738,12.669,0.796
2010-04-01,9.671,15.616,3.759
2010-05-01,12.406,18.173,6.524
2010-06-01,14.421,20.252,8.489
2010-07-01,15.213,20.97,9.551
2010-08-01,14.768,20.656,8.984
2010-09-01,12.863,18.603,7.252
2010-10-01,10.442,16.115,4.905
2010-11-01,7.487,13.168,1.95
2010-12-01,4.292,9.887,-1.139
2011-01-01,3.282,8.722,-2.034
2011-02-01,3.743,9.435,-1.906
2011-03-01,6.101,11.963,0.314
2011-04-01,9.483,15.45,3.524
2011-05-01,11.986,17.917,6.023
2011-06-01,14.37,20.231,8.48
2011-07-01,15.482,21.32,9.684
2011-08-01,15.012,20.922,9.208
2011-09-01,12.912,18.89,6.998
2011-10-01,10.352,16.075,4.85
2011-11-01,6.814,12.395,1.432
2011-12-01,4.655,10.098,-0.641
2012-01-01,3.157,8.691,-2.233
2012-02-01,3.628,9.379,-2.067
2012-03-01,6.023,12.025,0.075
2012-04-01,9.676,15.679,3.689
2012-05-01,12.59,18.611,6.461
2012-06-01,14.492,20.43,8.505
2012-07-01,15.076,21.006,9.229
2012-08-01,14.72,20.709,8.84
2012-09-01,13.04,19.074,7.176
2012-10-01,10.428,16.203,4.765
2012-11-01,7.156,12.689,1.796
2012-12-01,4.102,9.498,-1.162
2013-01-01,3.685,9.255,-1.726
2013-02-01,4.222,9.95,-1.472
2013-03-01,6.261,12.328,0.174
2013-04-01,9.044,15.084,3.055
2013-05-01,12.195,18.107,6.263
2013-06-01,14.568,20.44,8.685
2013-07-01,15.003,20.737,9.33
2013-08-01,14.742,20.596,9.014
2013-09-01,13.154,18.947,7.482
2013-10-01,10.256,15.994,4.663
2013-11-01,7.424,12.965,2.016
2013-12-01,4.724,10.083,-0.548
2014-01-01,3.732,9.327,-1.755
2014-02-01,3.5,9.146,-2.08
2014-03-01,6.378,12.367,0.436
2014-04-01,9.589,15.529,3.617
2014-05-01,12.582,18.362,6.613
2014-06-01,14.335,20.126,8.473
2014-07-01,14.873,20.711,9.112
2014-08-01,14.875,20.79,9.047
2014-09-01,13.091,18.865,7.399
2014-10-01,10.33,16.066,4.689
2014-11-01,6.713,12.284,1.313
2014-12-01,4.85,10.19,-0.331
2015-01-01,3.881,9.432,-1.518
2015-02-01,4.664,10.497,-1.138
2015-03-01,6.74,12.659,0.894
2015-04-01,9.313,15.224,3.402
2015-05-01,12.312,18.181,6.313
2015-06-01,14.505,20.364,8.627
2015-07-01,15.051,20.904,9.326
2015-08-01,14.755,20.699,9.005
2015-09-01,12.999,18.845,7.199
2015-10-01,10.801,16.45,5.232
2015-11-01,7.433,12.892,2.157
2015-12-01,5.518,10.725,0.287
